{
    "schemas": [
        {
            "pattern": "*.csv",
            "requiredColumns": [
                { "name": "date", "type": "date" },
                { "name": "license_number", "type": "string" },
                { "name": "board_code", "type": "string" }
            ]
        },
        {
            "pattern": "*.json",
            "requiredColumns": [
                { "name": "date", "type": "date" },
                { "name": "license_number", "type": "string" },
                { "name": "board_code", "type": "string" }
            ]
        }
    ],
    "defaultSchema": {
        "requiredColumns": []
    }
}
